{
  "panel_A": {
    "x_axis": {
      "type": "linear",
      "a": 0.3508591065292098,
      "b": 71.8538144329897,
      "residuals": [
        0.020412371134014506,
        -0.031134020618566183,
        -0.008453608247464217,
        0.036907216494739714,
        -0.017731958762965405
      ],
      "max_residual_pts": 0.036907216494739714
    },
    "y_axis": {
      "type": "log10",
      "a": -43.89999999999997,
      "b": 306.8,
      "residuals": [
        -1.1368683772161603e-13,
        -5.684341886080802e-14
      ]
    }
  },
  "panel_B": {
    "y_axis": {
      "type": "log10",
      "a": -43.89999999999997,
      "b": 306.8,
      "residuals": [
        -1.1368683772161603e-13,
        -5.684341886080802e-14
      ]
    }
  },
  "panel_C": {
    "y_axis": {
      "type": "linear",
      "a": -3.046285714285718,
      "b": 445.6238095238096,
      "residuals": [
        -0.02380952380957524,
        0.03904761904755105,
        0.0019047619047682929,
        -0.03523809523807131,
        0.027619047619111825,
        -0.009523809523727778
      ],
      "max_residual_pts": 0.03904761904755105
    }
  }
}